customer_id,customer_name
CUST00001,Customer 1
CUST00002,Customer 2
CUST00003,Customer 3
CUST00004,Customer 4
CUST00005,Customer 5
CUST00006,Customer 6
CUST00007,Customer 7
CUST00008,Customer 8
CUST00009,Customer 9
CUST00010,Customer 10
CUST00011,Customer 11
CUST00012,Customer 12
CUST00013,Customer 13
CUST00014,Customer 14
CUST00015,Customer 15
CUST00016,Customer 16
CUST00017,Customer 17
CUST00018,Customer 18
CUST00019,Customer 19
CUST00020,Customer 20
CUST00021,Customer 21
CUST00022,Customer 22
CUST00023,Customer 23
CUST00024,Customer 24
CUST00025,Customer 25
CUST00026,Customer 26
CUST00027,Customer 27
CUST00028,Customer 28
CUST00029,Customer 29
CUST00030,Customer 30
CUST00031,Customer 31
CUST00032,Customer 32
CUST00033,Customer 33
CUST00034,Customer 34
CUST00035,Customer 35
CUST00036,Customer 36
CUST00037,Customer 37
CUST00038,Customer 38
CUST00039,Customer 39
CUST00040,Customer 40
CUST00041,Customer 41
CUST00042,Customer 42
CUST00043,Customer 43
CUST00044,Customer 44
CUST00045,Customer 45
CUST00046,Customer 46
CUST00047,Customer 47
CUST00048,Customer 48
CUST00049,Customer 49
CUST00050,Customer 50
CUST00051,Customer 51
CUST00052,Customer 52
CUST00053,Customer 53
CUST00054,Customer 54
CUST00055,Customer 55
CUST00056,Customer 56
CUST00057,Customer 57
CUST00058,Customer 58
CUST00059,Customer 59
CUST00060,Customer 60
CUST00061,Customer 61
CUST00062,Customer 62
CUST00063,Customer 63
CUST00064,Customer 64
CUST00065,Customer 65
CUST00066,Customer 66
CUST00067,Customer 67
CUST00068,Customer 68
CUST00069,Customer 69
CUST00070,Customer 70
CUST00071,Customer 71
CUST00072,Customer 72
CUST00073,Customer 73
CUST00074,Customer 74
CUST00075,Customer 75
CUST00076,Customer 76
CUST00077,Customer 77
CUST00078,Customer 78
CUST00079,Customer 79
CUST00080,Customer 80
CUST00081,Customer 81
CUST00082,Customer 82
CUST00083,Customer 83
CUST00084,Customer 84
CUST00085,Customer 85
CUST00086,Customer 86
CUST00087,Customer 87
CUST00088,Customer 88
CUST00089,Customer 89
CUST00090,Customer 90
CUST00091,Customer 91
CUST00092,Customer 92
CUST00093,Customer 93
CUST00094,Customer 94
CUST00095,Customer 95
CUST00096,Customer 96
CUST00097,Customer 97
CUST00098,Customer 98
CUST00099,Customer 99
CUST00100,Customer 100
CUST00101,Customer 101
CUST00102,Customer 102
CUST00103,Customer 103
CUST00104,Customer 104
CUST00105,Customer 105
CUST00106,Customer 106
CUST00107,Customer 107
CUST00108,Customer 108
CUST00109,Customer 109
CUST00110,Customer 110
CUST00111,Customer 111
CUST00112,Customer 112
CUST00113,Customer 113
CUST00114,Customer 114
CUST00115,Customer 115
CUST00116,Customer 116
CUST00117,Customer 117
CUST00118,Customer 118
CUST00119,Customer 119
CUST00120,Customer 120
CUST00121,Customer 121
CUST00122,Customer 122
CUST00123,Customer 123
CUST00124,Customer 124
CUST00125,Customer 125
CUST00126,Customer 126
CUST00127,Customer 127
CUST00128,Customer 128
CUST00129,Customer 129
CUST00130,Customer 130
CUST00131,Customer 131
CUST00132,Customer 132
CUST00133,Customer 133
CUST00134,Customer 134
CUST00135,Customer 135
CUST00136,Customer 136
CUST00137,Customer 137
CUST00138,Customer 138
CUST00139,Customer 139
CUST00140,Customer 140
CUST00141,Customer 141
CUST00142,Customer 142
CUST00143,Customer 143
CUST00144,Customer 144
CUST00145,Customer 145
CUST00146,Customer 146
CUST00147,Customer 147
CUST00148,Customer 148
CUST00149,Customer 149
CUST00150,Customer 150
CUST00151,Customer 151
CUST00152,Customer 152
CUST00153,Customer 153
CUST00154,Customer 154
CUST00155,Customer 155
CUST00156,Customer 156
CUST00157,Customer 157
CUST00158,Customer 158
CUST00159,Customer 159
CUST00160,Customer 160
CUST00161,Customer 161
CUST00162,Customer 162
CUST00163,Customer 163
CUST00164,Customer 164
CUST00165,Customer 165
CUST00166,Customer 166
CUST00167,Customer 167
CUST00168,Customer 168
CUST00169,Customer 169
CUST00170,Customer 170
CUST00171,Customer 171
CUST00172,Customer 172
CUST00173,Customer 173
CUST00174,Customer 174
CUST00175,Customer 175
CUST00176,Customer 176
CUST00177,Customer 177
CUST00178,Customer 178
CUST00179,Customer 179
CUST00180,Customer 180
CUST00181,Customer 181
CUST00182,Customer 182
CUST00183,Customer 183
CUST00184,Customer 184
CUST00185,Customer 185
CUST00186,Customer 186
CUST00187,Customer 187
CUST00188,Customer 188
CUST00189,Customer 189
CUST00190,Customer 190
CUST00191,Customer 191
CUST00192,Customer 192
CUST00193,Customer 193
CUST00194,Customer 194
CUST00195,Customer 195
CUST00196,Customer 196
CUST00197,Customer 197
CUST00198,Customer 198
CUST00199,Customer 199
CUST00200,Customer 200
CUST00201,Customer 201
CUST00202,Customer 202
CUST00203,Customer 203
CUST00204,Customer 204
CUST00205,Customer 205
CUST00206,Customer 206
CUST00207,Customer 207
CUST00208,Customer 208
CUST00209,Customer 209
CUST00210,Customer 210
CUST00211,Customer 211
CUST00212,Customer 212
CUST00213,Customer 213
CUST00214,Customer 214
CUST00215,Customer 215
CUST00216,Customer 216
CUST00217,Customer 217
CUST00218,Customer 218
CUST00219,Customer 219
CUST00220,Customer 220
CUST00221,Customer 221
CUST00222,Customer 222
CUST00223,Customer 223
CUST00224,Customer 224
CUST00225,Customer 225
CUST00226,Customer 226
CUST00227,Customer 227
CUST00228,Customer 228
CUST00229,Customer 229
CUST00230,Customer 230
CUST00231,Customer 231
CUST00232,Customer 232
CUST00233,Customer 233
CUST00234,Customer 234
CUST00235,Customer 235
CUST00236,Customer 236
CUST00237,Customer 237
CUST00238,Customer 238
CUST00239,Customer 239
CUST00240,Customer 240
CUST00241,Customer 241
CUST00242,Customer 242
CUST00243,Customer 243
CUST00244,Customer 244
CUST00245,Customer 245
CUST00246,Customer 246
CUST00247,Customer 247
CUST00248,Customer 248
CUST00249,Customer 249
CUST00250,Customer 250
CUST00251,Customer 251
CUST00252,Customer 252
CUST00253,Customer 253
CUST00254,Customer 254
CUST00255,Customer 255
CUST00256,Customer 256
CUST00257,Customer 257
CUST00258,Customer 258
CUST00259,Customer 259
CUST00260,Customer 260
CUST00261,Customer 261
CUST00262,Customer 262
CUST00263,Customer 263
CUST00264,Customer 264
CUST00265,Customer 265
CUST00266,Customer 266
CUST00267,Customer 267
CUST00268,Customer 268
CUST00269,Customer 269
CUST00270,Customer 270
CUST00271,Customer 271
CUST00272,Customer 272
CUST00273,Customer 273
CUST00274,Customer 274
CUST00275,Customer 275
CUST00276,Customer 276
CUST00277,Customer 277
CUST00278,Customer 278
CUST00279,Customer 279
CUST00280,Customer 280
CUST00281,Customer 281
CUST00282,Customer 282
CUST00283,Customer 283
CUST00284,Customer 284
CUST00285,Customer 285
CUST00286,Customer 286
CUST00287,Customer 287
CUST00288,Customer 288
CUST00289,Customer 289
CUST00290,Customer 290
CUST00291,Customer 291
CUST00292,Customer 292
CUST00293,Customer 293
CUST00294,Customer 294
CUST00295,Customer 295
CUST00296,Customer 296
CUST00297,Customer 297
CUST00298,Customer 298
CUST00299,Customer 299
CUST00300,Customer 300
CUST00301,Customer 301
CUST00302,Customer 302
CUST00303,Customer 303
CUST00304,Customer 304
CUST00305,Customer 305
CUST00306,Customer 306
CUST00307,Customer 307
CUST00308,Customer 308
CUST00309,Customer 309
CUST00310,Customer 310
CUST00311,Customer 311
CUST00312,Customer 312
CUST00313,Customer 313
CUST00314,Customer 314
CUST00315,Customer 315
CUST00316,Customer 316
CUST00317,Customer 317
CUST00318,Customer 318
CUST00319,Customer 319
CUST00320,Customer 320
CUST00321,Customer 321
CUST00322,Customer 322
CUST00323,Customer 323
CUST00324,Customer 324
CUST00325,Customer 325
CUST00326,Customer 326
CUST00327,Customer 327
CUST00328,Customer 328
CUST00329,Customer 329
CUST00330,Customer 330
CUST00331,Customer 331
CUST00332,Customer 332
CUST00333,Customer 333
CUST00334,Customer 334
CUST00335,Customer 335
CUST00336,Customer 336
CUST00337,Customer 337
CUST00338,Customer 338
CUST00339,Customer 339
CUST00340,Customer 340
CUST00341,Customer 341
CUST00342,Customer 342
CUST00343,Customer 343
CUST00344,Customer 344
CUST00345,Customer 345
CUST00346,Customer 346
CUST00347,Customer 347
CUST00348,Customer 348
CUST00349,Customer 349
CUST00350,Customer 350
CUST00351,Customer 351
CUST00352,Customer 352
CUST00353,Customer 353
CUST00354,Customer 354
CUST00355,Customer 355
CUST00356,Customer 356
CUST00357,Customer 357
CUST00358,Customer 358
CUST00359,Customer 359
CUST00360,Customer 360
CUST00361,Customer 361
CUST00362,Customer 362
CUST00363,Customer 363
CUST00364,Customer 364
CUST00365,Customer 365
CUST00366,Customer 366
CUST00367,Customer 367
CUST00368,Customer 368
CUST00369,Customer 369
CUST00370,Customer 370
CUST00371,Customer 371
CUST00372,Customer 372
CUST00373,Customer 373
CUST00374,Customer 374
CUST00375,Customer 375
CUST00376,Customer 376
CUST00377,Customer 377
CUST00378,Customer 378
CUST00379,Customer 379
CUST00380,Customer 380
CUST00381,Customer 381
CUST00382,Customer 382
CUST00383,Customer 383
CUST00384,Customer 384
CUST00385,Customer 385
CUST00386,Customer 386
CUST00387,Customer 387
CUST00388,Customer 388
CUST00389,Customer 389
CUST00390,Customer 390
CUST00391,Customer 391
CUST00392,Customer 392
CUST00393,Customer 393
CUST00394,Customer 394
CUST00395,Customer 395
CUST00396,Customer 396
CUST00397,Customer 397
CUST00398,Customer 398
CUST00399,Customer 399
CUST00400,Customer 400
CUST00401,Customer 401
CUST00402,Customer 402
CUST00403,Customer 403
CUST00404,Customer 404
CUST00405,Customer 405
CUST00406,Customer 406
CUST00407,Customer 407
CUST00408,Customer 408
CUST00409,Customer 409
CUST00410,Customer 410
CUST00411,Customer 411
CUST00412,Customer 412
CUST00413,Customer 413
CUST00414,Customer 414
CUST00415,Customer 415
CUST00416,Customer 416
CUST00417,Customer 417
CUST00418,Customer 418
CUST00419,Customer 419
CUST00420,Customer 420
CUST00421,Customer 421
CUST00422,Customer 422
CUST00423,Customer 423
CUST00424,Customer 424
CUST00425,Customer 425
CUST00426,Customer 426
CUST00427,Customer 427
CUST00428,Customer 428
CUST00429,Customer 429
CUST00430,Customer 430
CUST00431,Customer 431
CUST00432,Customer 432
CUST00433,Customer 433
CUST00434,Customer 434
CUST00435,Customer 435
CUST00436,Customer 436
CUST00437,Customer 437
CUST00438,Customer 438
CUST00439,Customer 439
CUST00440,Customer 440
CUST00441,Customer 441
CUST00442,Customer 442
CUST00443,Customer 443
CUST00444,Customer 444
CUST00445,Customer 445
CUST00446,Customer 446
CUST00447,Customer 447
CUST00448,Customer 448
CUST00449,Customer 449
CUST00450,Customer 450
CUST00451,Customer 451
CUST00452,Customer 452
CUST00453,Customer 453
CUST00454,Customer 454
CUST00455,Customer 455
CUST00456,Customer 456
CUST00457,Customer 457
CUST00458,Customer 458
CUST00459,Customer 459
CUST00460,Customer 460
CUST00461,Customer 461
CUST00462,Customer 462
CUST00463,Customer 463
CUST00464,Customer 464
CUST00465,Customer 465
CUST00466,Customer 466
CUST00467,Customer 467
CUST00468,Customer 468
CUST00469,Customer 469
CUST00470,Customer 470
CUST00471,Customer 471
CUST00472,Customer 472
CUST00473,Customer 473
CUST00474,Customer 474
CUST00475,Customer 475
CUST00476,Customer 476
CUST00477,Customer 477
CUST00478,Customer 478
CUST00479,Customer 479
CUST00480,Customer 480
CUST00481,Customer 481
CUST00482,Customer 482
CUST00483,Customer 483
CUST00484,Customer 484
CUST00485,Customer 485
CUST00486,Customer 486
CUST00487,Customer 487
CUST00488,Customer 488
CUST00489,Customer 489
CUST00490,Customer 490
CUST00491,Customer 491
CUST00492,Customer 492
CUST00493,Customer 493
CUST00494,Customer 494
CUST00495,Customer 495
CUST00496,Customer 496
CUST00497,Customer 497
CUST00498,Customer 498
CUST00499,Customer 499
CUST00500,Customer 500
CUST00501,Customer 501
CUST00502,Customer 502
CUST00503,Customer 503
CUST00504,Customer 504
CUST00505,Customer 505
CUST00506,Customer 506
CUST00507,Customer 507
CUST00508,Customer 508
CUST00509,Customer 509
CUST00510,Customer 510
CUST00511,Customer 511
CUST00512,Customer 512
CUST00513,Customer 513
CUST00514,Customer 514
CUST00515,Customer 515
CUST00516,Customer 516
CUST00517,Customer 517
CUST00518,Customer 518
CUST00519,Customer 519
CUST00520,Customer 520
CUST00521,Customer 521
CUST00522,Customer 522
CUST00523,Customer 523
CUST00524,Customer 524
CUST00525,Customer 525
CUST00526,Customer 526
CUST00527,Customer 527
CUST00528,Customer 528
CUST00529,Customer 529
CUST00530,Customer 530
CUST00531,Customer 531
CUST00532,Customer 532
CUST00533,Customer 533
CUST00534,Customer 534
CUST00535,Customer 535
CUST00536,Customer 536
CUST00537,Customer 537
CUST00538,Customer 538
CUST00539,Customer 539
CUST00540,Customer 540
CUST00541,Customer 541
CUST00542,Customer 542
CUST00543,Customer 543
CUST00544,Customer 544
CUST00545,Customer 545
CUST00546,Customer 546
CUST00547,Customer 547
CUST00548,Customer 548
CUST00549,Customer 549
CUST00550,Customer 550
CUST00551,Customer 551
CUST00552,Customer 552
CUST00553,Customer 553
CUST00554,Customer 554
CUST00555,Customer 555
CUST00556,Customer 556
CUST00557,Customer 557
CUST00558,Customer 558
CUST00559,Customer 559
CUST00560,Customer 560
CUST00561,Customer 561
CUST00562,Customer 562
CUST00563,Customer 563
CUST00564,Customer 564
CUST00565,Customer 565
CUST00566,Customer 566
CUST00567,Customer 567
CUST00568,Customer 568
CUST00569,Customer 569
CUST00570,Customer 570
CUST00571,Customer 571
CUST00572,Customer 572
CUST00573,Customer 573
CUST00574,Customer 574
CUST00575,Customer 575
CUST00576,Customer 576
CUST00577,Customer 577
CUST00578,Customer 578
CUST00579,Customer 579
CUST00580,Customer 580
CUST00581,Customer 581
CUST00582,Customer 582
CUST00583,Customer 583
CUST00584,Customer 584
CUST00585,Customer 585
CUST00586,Customer 586
CUST00587,Customer 587
CUST00588,Customer 588
CUST00589,Customer 589
CUST00590,Customer 590
CUST00591,Customer 591
CUST00592,Customer 592
CUST00593,Customer 593
CUST00594,Customer 594
CUST00595,Customer 595
CUST00596,Customer 596
CUST00597,Customer 597
CUST00598,Customer 598
CUST00599,Customer 599
CUST00600,Customer 600
CUST00601,Customer 601
CUST00602,Customer 602
CUST00603,Customer 603
CUST00604,Customer 604
CUST00605,Customer 605
CUST00606,Customer 606
CUST00607,Customer 607
CUST00608,Customer 608
CUST00609,Customer 609
CUST00610,Customer 610
CUST00611,Customer 611
CUST00612,Customer 612
CUST00613,Customer 613
CUST00614,Customer 614
CUST00615,Customer 615
CUST00616,Customer 616
CUST00617,Customer 617
CUST00618,Customer 618
CUST00619,Customer 619
CUST00620,Customer 620
CUST00621,Customer 621
CUST00622,Customer 622
CUST00623,Customer 623
CUST00624,Customer 624
CUST00625,Customer 625
CUST00626,Customer 626
CUST00627,Customer 627
CUST00628,Customer 628
CUST00629,Customer 629
CUST00630,Customer 630
CUST00631,Customer 631
CUST00632,Customer 632
CUST00633,Customer 633
CUST00634,Customer 634
CUST00635,Customer 635
CUST00636,Customer 636
CUST00637,Customer 637
CUST00638,Customer 638
CUST00639,Customer 639
CUST00640,Customer 640
CUST00641,Customer 641
CUST00642,Customer 642
CUST00643,Customer 643
CUST00644,Customer 644
CUST00645,Customer 645
CUST00646,Customer 646
CUST00647,Customer 647
CUST00648,Customer 648
CUST00649,Customer 649
CUST00650,Customer 650
CUST00651,Customer 651
CUST00652,Customer 652
CUST00653,Customer 653
CUST00654,Customer 654
CUST00655,Customer 655
CUST00656,Customer 656
CUST00657,Customer 657
CUST00658,Customer 658
CUST00659,Customer 659
CUST00660,Customer 660
CUST00661,Customer 661
CUST00662,Customer 662
CUST00663,Customer 663
CUST00664,Customer 664
CUST00665,Customer 665
CUST00666,Customer 666
CUST00667,Customer 667
CUST00668,Customer 668
CUST00669,Customer 669
CUST00670,Customer 670
CUST00671,Customer 671
CUST00672,Customer 672
CUST00673,Customer 673
CUST00674,Customer 674
CUST00675,Customer 675
CUST00676,Customer 676
CUST00677,Customer 677
CUST00678,Customer 678
CUST00679,Customer 679
CUST00680,Customer 680
CUST00681,Customer 681
CUST00682,Customer 682
CUST00683,Customer 683
CUST00684,Customer 684
CUST00685,Customer 685
CUST00686,Customer 686
CUST00687,Customer 687
CUST00688,Customer 688
CUST00689,Customer 689
CUST00690,Customer 690
CUST00691,Customer 691
CUST00692,Customer 692
CUST00693,Customer 693
CUST00694,Customer 694
CUST00695,Customer 695
CUST00696,Customer 696
CUST00697,Customer 697
CUST00698,Customer 698
CUST00699,Customer 699
CUST00700,Customer 700
CUST00701,Customer 701
CUST00702,Customer 702
CUST00703,Customer 703
CUST00704,Customer 704
CUST00705,Customer 705
CUST00706,Customer 706
CUST00707,Customer 707
CUST00708,Customer 708
CUST00709,Customer 709
CUST00710,Customer 710
CUST00711,Customer 711
CUST00712,Customer 712
CUST00713,Customer 713
CUST00714,Customer 714
CUST00715,Customer 715
CUST00716,Customer 716
CUST00717,Customer 717
CUST00718,Customer 718
CUST00719,Customer 719
CUST00720,Customer 720
CUST00721,Customer 721
CUST00722,Customer 722
CUST00723,Customer 723
CUST00724,Customer 724
CUST00725,Customer 725
CUST00726,Customer 726
CUST00727,Customer 727
CUST00728,Customer 728
CUST00729,Customer 729
CUST00730,Customer 730
CUST00731,Customer 731
CUST00732,Customer 732
CUST00733,Customer 733
CUST00734,Customer 734
CUST00735,Customer 735
CUST00736,Customer 736
CUST00737,Customer 737
CUST00738,Customer 738
CUST00739,Customer 739
CUST00740,Customer 740
CUST00741,Customer 741
CUST00742,Customer 742
CUST00743,Customer 743
CUST00744,Customer 744
CUST00745,Customer 745
CUST00746,Customer 746
CUST00747,Customer 747
CUST00748,Customer 748
CUST00749,Customer 749
CUST00750,Customer 750
CUST00751,Customer 751
CUST00752,Customer 752
CUST00753,Customer 753
CUST00754,Customer 754
CUST00755,Customer 755
CUST00756,Customer 756
CUST00757,Customer 757
CUST00758,Customer 758
CUST00759,Customer 759
CUST00760,Customer 760
CUST00761,Customer 761
CUST00762,Customer 762
CUST00763,Customer 763
CUST00764,Customer 764
CUST00765,Customer 765
CUST00766,Customer 766
CUST00767,Customer 767
CUST00768,Customer 768
CUST00769,Customer 769
CUST00770,Customer 770
CUST00771,Customer 771
CUST00772,Customer 772
CUST00773,Customer 773
CUST00774,Customer 774
CUST00775,Customer 775
CUST00776,Customer 776
CUST00777,Customer 777
CUST00778,Customer 778
CUST00779,Customer 779
CUST00780,Customer 780
CUST00781,Customer 781
CUST00782,Customer 782
CUST00783,Customer 783
CUST00784,Customer 784
CUST00785,Customer 785
CUST00786,Customer 786
CUST00787,Customer 787
CUST00788,Customer 788
CUST00789,Customer 789
CUST00790,Customer 790
CUST00791,Customer 791
CUST00792,Customer 792
CUST00793,Customer 793
CUST00794,Customer 794
CUST00795,Customer 795
CUST00796,Customer 796
CUST00797,Customer 797
CUST00798,Customer 798
CUST00799,Customer 799
CUST00800,Customer 800
CUST00801,Customer 801
CUST00802,Customer 802
CUST00803,Customer 803
CUST00804,Customer 804
CUST00805,Customer 805
CUST00806,Customer 806
CUST00807,Customer 807
CUST00808,Customer 808
CUST00809,Customer 809
CUST00810,Customer 810
CUST00811,Customer 811
CUST00812,Customer 812
CUST00813,Customer 813
CUST00814,Customer 814
CUST00815,Customer 815
CUST00816,Customer 816
CUST00817,Customer 817
CUST00818,Customer 818
CUST00819,Customer 819
CUST00820,Customer 820
CUST00821,Customer 821
CUST00822,Customer 822
CUST00823,Customer 823
CUST00824,Customer 824
CUST00825,Customer 825
CUST00826,Customer 826
CUST00827,Customer 827
CUST00828,Customer 828
CUST00829,Customer 829
CUST00830,Customer 830
CUST00831,Customer 831
CUST00832,Customer 832
CUST00833,Customer 833
CUST00834,Customer 834
CUST00835,Customer 835
CUST00836,Customer 836
CUST00837,Customer 837
CUST00838,Customer 838
CUST00839,Customer 839
CUST00840,Customer 840
CUST00841,Customer 841
CUST00842,Customer 842
CUST00843,Customer 843
CUST00844,Customer 844
CUST00845,Customer 845
CUST00846,Customer 846
CUST00847,Customer 847
CUST00848,Customer 848
CUST00849,Customer 849
CUST00850,Customer 850
CUST00851,Customer 851
CUST00852,Customer 852
CUST00853,Customer 853
CUST00854,Customer 854
CUST00855,Customer 855
CUST00856,Customer 856
CUST00857,Customer 857
CUST00858,Customer 858
CUST00859,Customer 859
CUST00860,Customer 860
CUST00861,Customer 861
CUST00862,Customer 862
CUST00863,Customer 863
CUST00864,Customer 864
CUST00865,Customer 865
CUST00866,Customer 866
CUST00867,Customer 867
CUST00868,Customer 868
CUST00869,Customer 869
CUST00870,Customer 870
CUST00871,Customer 871
CUST00872,Customer 872
CUST00873,Customer 873
CUST00874,Customer 874
CUST00875,Customer 875
CUST00876,Customer 876
CUST00877,Customer 877
CUST00878,Customer 878
CUST00879,Customer 879
CUST00880,Customer 880
CUST00881,Customer 881
CUST00882,Customer 882
CUST00883,Customer 883
CUST00884,Customer 884
CUST00885,Customer 885
CUST00886,Customer 886
CUST00887,Customer 887
CUST00888,Customer 888
CUST00889,Customer 889
CUST00890,Customer 890
CUST00891,Customer 891
CUST00892,Customer 892
CUST00893,Customer 893
CUST00894,Customer 894
CUST00895,Customer 895
CUST00896,Customer 896
CUST00897,Customer 897
CUST00898,Customer 898
CUST00899,Customer 899
CUST00900,Customer 900
CUST00901,Customer 901
CUST00902,Customer 902
CUST00903,Customer 903
CUST00904,Customer 904
CUST00905,Customer 905
CUST00906,Customer 906
CUST00907,Customer 907
CUST00908,Customer 908
CUST00909,Customer 909
CUST00910,Customer 910
CUST00911,Customer 911
CUST00912,Customer 912
CUST00913,Customer 913
CUST00914,Customer 914
CUST00915,Customer 915
CUST00916,Customer 916
CUST00917,Customer 917
CUST00918,Customer 918
CUST00919,Customer 919
CUST00920,Customer 920
CUST00921,Customer 921
CUST00922,Customer 922
CUST00923,Customer 923
CUST00924,Customer 924
CUST00925,Customer 925
CUST00926,Customer 926
CUST00927,Customer 927
CUST00928,Customer 928
CUST00929,Customer 929
CUST00930,Customer 930
CUST00931,Customer 931
CUST00932,Customer 932
CUST00933,Customer 933
CUST00934,Customer 934
CUST00935,Customer 935
CUST00936,Customer 936
CUST00937,Customer 937
CUST00938,Customer 938
CUST00939,Customer 939
CUST00940,Customer 940
CUST00941,Customer 941
CUST00942,Customer 942
CUST00943,Customer 943
CUST00944,Customer 944
CUST00945,Customer 945
CUST00946,Customer 946
CUST00947,Customer 947
CUST00948,Customer 948
CUST00949,Customer 949
CUST00950,Customer 950
CUST00951,Customer 951
CUST00952,Customer 952
CUST00953,Customer 953
CUST00954,Customer 954
CUST00955,Customer 955
CUST00956,Customer 956
CUST00957,Customer 957
CUST00958,Customer 958
CUST00959,Customer 959
CUST00960,Customer 960
CUST00961,Customer 961
CUST00962,Customer 962
CUST00963,Customer 963
CUST00964,Customer 964
CUST00965,Customer 965
CUST00966,Customer 966
CUST00967,Customer 967
CUST00968,Customer 968
CUST00969,Customer 969
CUST00970,Customer 970
CUST00971,Customer 971
CUST00972,Customer 972
CUST00973,Customer 973
CUST00974,Customer 974
CUST00975,Customer 975
CUST00976,Customer 976
CUST00977,Customer 977
CUST00978,Customer 978
CUST00979,Customer 979
CUST00980,Customer 980
CUST00981,Customer 981
CUST00982,Customer 982
CUST00983,Customer 983
CUST00984,Customer 984
CUST00985,Customer 985
CUST00986,Customer 986
CUST00987,Customer 987
CUST00988,Customer 988
CUST00989,Customer 989
CUST00990,Customer 990
CUST00991,Customer 991
CUST00992,Customer 992
CUST00993,Customer 993
CUST00994,Customer 994
CUST00995,Customer 995
CUST00996,Customer 996
CUST00997,Customer 997
CUST00998,Customer 998
CUST00999,Customer 999
CUST01000,Customer 1000
CUST01001,Customer 1001
CUST01002,Customer 1002
CUST01003,Customer 1003
CUST01004,Customer 1004
CUST01005,Customer 1005
CUST01006,Customer 1006
CUST01007,Customer 1007
CUST01008,Customer 1008
CUST01009,Customer 1009
CUST01010,Customer 1010
CUST01011,Customer 1011
CUST01012,Customer 1012
CUST01013,Customer 1013
CUST01014,Customer 1014
CUST01015,Customer 1015
CUST01016,Customer 1016
CUST01017,Customer 1017
CUST01018,Customer 1018
CUST01019,Customer 1019
CUST01020,Customer 1020
CUST01021,Customer 1021
CUST01022,Customer 1022
CUST01023,Customer 1023
CUST01024,Customer 1024
CUST01025,Customer 1025
CUST01026,Customer 1026
CUST01027,Customer 1027
CUST01028,Customer 1028
CUST01029,Customer 1029
CUST01030,Customer 1030
CUST01031,Customer 1031
CUST01032,Customer 1032
CUST01033,Customer 1033
CUST01034,Customer 1034
CUST01035,Customer 1035
CUST01036,Customer 1036
CUST01037,Customer 1037
CUST01038,Customer 1038
CUST01039,Customer 1039
CUST01040,Customer 1040
CUST01041,Customer 1041
CUST01042,Customer 1042
CUST01043,Customer 1043
CUST01044,Customer 1044
CUST01045,Customer 1045
CUST01046,Customer 1046
CUST01047,Customer 1047
CUST01048,Customer 1048
CUST01049,Customer 1049
CUST01050,Customer 1050
CUST01051,Customer 1051
CUST01052,Customer 1052
CUST01053,Customer 1053
CUST01054,Customer 1054
CUST01055,Customer 1055
CUST01056,Customer 1056
CUST01057,Customer 1057
CUST01058,Customer 1058
CUST01059,Customer 1059
CUST01060,Customer 1060
CUST01061,Customer 1061
CUST01062,Customer 1062
CUST01063,Customer 1063
CUST01064,Customer 1064
CUST01065,Customer 1065
CUST01066,Customer 1066
CUST01067,Customer 1067
CUST01068,Customer 1068
CUST01069,Customer 1069
CUST01070,Customer 1070
CUST01071,Customer 1071
CUST01072,Customer 1072
CUST01073,Customer 1073
CUST01074,Customer 1074
CUST01075,Customer 1075
CUST01076,Customer 1076
CUST01077,Customer 1077
CUST01078,Customer 1078
CUST01079,Customer 1079
CUST01080,Customer 1080
CUST01081,Customer 1081
CUST01082,Customer 1082
CUST01083,Customer 1083
CUST01084,Customer 1084
CUST01085,Customer 1085
CUST01086,Customer 1086
CUST01087,Customer 1087
CUST01088,Customer 1088
CUST01089,Customer 1089
CUST01090,Customer 1090
CUST01091,Customer 1091
CUST01092,Customer 1092
CUST01093,Customer 1093
CUST01094,Customer 1094
CUST01095,Customer 1095
CUST01096,Customer 1096
CUST01097,Customer 1097
CUST01098,Customer 1098
CUST01099,Customer 1099
CUST01100,Customer 1100
CUST01101,Customer 1101
CUST01102,Customer 1102
CUST01103,Customer 1103
CUST01104,Customer 1104
CUST01105,Customer 1105
CUST01106,Customer 1106
CUST01107,Customer 1107
CUST01108,Customer 1108
CUST01109,Customer 1109
CUST01110,Customer 1110
CUST01111,Customer 1111
CUST01112,Customer 1112
CUST01113,Customer 1113
CUST01114,Customer 1114
CUST01115,Customer 1115
CUST01116,Customer 1116
CUST01117,Customer 1117
CUST01118,Customer 1118
CUST01119,Customer 1119
CUST01120,Customer 1120
CUST01121,Customer 1121
CUST01122,Customer 1122
CUST01123,Customer 1123
CUST01124,Customer 1124
CUST01125,Customer 1125
CUST01126,Customer 1126
CUST01127,Customer 1127
CUST01128,Customer 1128
CUST01129,Customer 1129
CUST01130,Customer 1130
CUST01131,Customer 1131
CUST01132,Customer 1132
CUST01133,Customer 1133
CUST01134,Customer 1134
CUST01135,Customer 1135
CUST01136,Customer 1136
CUST01137,Customer 1137
CUST01138,Customer 1138
CUST01139,Customer 1139
CUST01140,Customer 1140
CUST01141,Customer 1141
CUST01142,Customer 1142
CUST01143,Customer 1143
CUST01144,Customer 1144
CUST01145,Customer 1145
CUST01146,Customer 1146
CUST01147,Customer 1147
CUST01148,Customer 1148
CUST01149,Customer 1149
CUST01150,Customer 1150
CUST01151,Customer 1151
CUST01152,Customer 1152
CUST01153,Customer 1153
CUST01154,Customer 1154
CUST01155,Customer 1155
CUST01156,Customer 1156
CUST01157,Customer 1157
CUST01158,Customer 1158
CUST01159,Customer 1159
CUST01160,Customer 1160
CUST01161,Customer 1161
CUST01162,Customer 1162
CUST01163,Customer 1163
CUST01164,Customer 1164
CUST01165,Customer 1165
CUST01166,Customer 1166
CUST01167,Customer 1167
CUST01168,Customer 1168
CUST01169,Customer 1169
CUST01170,Customer 1170
CUST01171,Customer 1171
CUST01172,Customer 1172
CUST01173,Customer 1173
CUST01174,Customer 1174
CUST01175,Customer 1175
CUST01176,Customer 1176
CUST01177,Customer 1177
CUST01178,Customer 1178
CUST01179,Customer 1179
CUST01180,Customer 1180
CUST01181,Customer 1181
CUST01182,Customer 1182
CUST01183,Customer 1183
CUST01184,Customer 1184
CUST01185,Customer 1185
CUST01186,Customer 1186
CUST01187,Customer 1187
CUST01188,Customer 1188
CUST01189,Customer 1189
CUST01190,Customer 1190
CUST01191,Customer 1191
CUST01192,Customer 1192
CUST01193,Customer 1193
CUST01194,Customer 1194
CUST01195,Customer 1195
CUST01196,Customer 1196
CUST01197,Customer 1197
CUST01198,Customer 1198
CUST01199,Customer 1199
CUST01200,Customer 1200
CUST01201,Customer 1201
CUST01202,Customer 1202
CUST01203,Customer 1203
CUST01204,Customer 1204
CUST01205,Customer 1205
CUST01206,Customer 1206
CUST01207,Customer 1207
CUST01208,Customer 1208
CUST01209,Customer 1209
CUST01210,Customer 1210
CUST01211,Customer 1211
CUST01212,Customer 1212
CUST01213,Customer 1213
CUST01214,Customer 1214
CUST01215,Customer 1215
CUST01216,Customer 1216
CUST01217,Customer 1217
CUST01218,Customer 1218
CUST01219,Customer 1219
CUST01220,Customer 1220
CUST01221,Customer 1221
CUST01222,Customer 1222
CUST01223,Customer 1223
CUST01224,Customer 1224
CUST01225,Customer 1225
CUST01226,Customer 1226
CUST01227,Customer 1227
CUST01228,Customer 1228
CUST01229,Customer 1229
CUST01230,Customer 1230
CUST01231,Customer 1231
CUST01232,Customer 1232
CUST01233,Customer 1233
CUST01234,Customer 1234
CUST01235,Customer 1235
CUST01236,Customer 1236
CUST01237,Customer 1237
CUST01238,Customer 1238
CUST01239,Customer 1239
CUST01240,Customer 1240
CUST01241,Customer 1241
CUST01242,Customer 1242
CUST01243,Customer 1243
CUST01244,Customer 1244
CUST01245,Customer 1245
CUST01246,Customer 1246
CUST01247,Customer 1247
CUST01248,Customer 1248
CUST01249,Customer 1249
CUST01250,Customer 1250
CUST01251,Customer 1251
CUST01252,Customer 1252
CUST01253,Customer 1253
CUST01254,Customer 1254
CUST01255,Customer 1255
CUST01256,Customer 1256
CUST01257,Customer 1257
CUST01258,Customer 1258
CUST01259,Customer 1259
CUST01260,Customer 1260
CUST01261,Customer 1261
CUST01262,Customer 1262
CUST01263,Customer 1263
CUST01264,Customer 1264
CUST01265,Customer 1265
CUST01266,Customer 1266
CUST01267,Customer 1267
CUST01268,Customer 1268
CUST01269,Customer 1269
CUST01270,Customer 1270
CUST01271,Customer 1271
CUST01272,Customer 1272
CUST01273,Customer 1273
CUST01274,Customer 1274
CUST01275,Customer 1275
CUST01276,Customer 1276
CUST01277,Customer 1277
CUST01278,Customer 1278
CUST01279,Customer 1279
CUST01280,Customer 1280
CUST01281,Customer 1281
CUST01282,Customer 1282
CUST01283,Customer 1283
CUST01284,Customer 1284
CUST01285,Customer 1285
CUST01286,Customer 1286
CUST01287,Customer 1287
CUST01288,Customer 1288
CUST01289,Customer 1289
CUST01290,Customer 1290
CUST01291,Customer 1291
CUST01292,Customer 1292
CUST01293,Customer 1293
CUST01294,Customer 1294
CUST01295,Customer 1295
CUST01296,Customer 1296
CUST01297,Customer 1297
CUST01298,Customer 1298
CUST01299,Customer 1299
CUST01300,Customer 1300
CUST01301,Customer 1301
CUST01302,Customer 1302
CUST01303,Customer 1303
CUST01304,Customer 1304
CUST01305,Customer 1305
CUST01306,Customer 1306
CUST01307,Customer 1307
CUST01308,Customer 1308
CUST01309,Customer 1309
CUST01310,Customer 1310
CUST01311,Customer 1311
CUST01312,Customer 1312
CUST01313,Customer 1313
CUST01314,Customer 1314
CUST01315,Customer 1315
CUST01316,Customer 1316
CUST01317,Customer 1317
CUST01318,Customer 1318
CUST01319,Customer 1319
CUST01320,Customer 1320
CUST01321,Customer 1321
CUST01322,Customer 1322
CUST01323,Customer 1323
CUST01324,Customer 1324
CUST01325,Customer 1325
CUST01326,Customer 1326
CUST01327,Customer 1327
CUST01328,Customer 1328
CUST01329,Customer 1329
CUST01330,Customer 1330
CUST01331,Customer 1331
CUST01332,Customer 1332
CUST01333,Customer 1333
CUST01334,Customer 1334
CUST01335,Customer 1335
CUST01336,Customer 1336
CUST01337,Customer 1337
CUST01338,Customer 1338
CUST01339,Customer 1339
CUST01340,Customer 1340
CUST01341,Customer 1341
CUST01342,Customer 1342
CUST01343,Customer 1343
CUST01344,Customer 1344
CUST01345,Customer 1345
CUST01346,Customer 1346
CUST01347,Customer 1347
CUST01348,Customer 1348
CUST01349,Customer 1349
CUST01350,Customer 1350
CUST01351,Customer 1351
CUST01352,Customer 1352
CUST01353,Customer 1353
CUST01354,Customer 1354
CUST01355,Customer 1355
CUST01356,Customer 1356
CUST01357,Customer 1357
CUST01358,Customer 1358
CUST01359,Customer 1359
CUST01360,Customer 1360
CUST01361,Customer 1361
CUST01362,Customer 1362
CUST01363,Customer 1363
CUST01364,Customer 1364
CUST01365,Customer 1365
CUST01366,Customer 1366
CUST01367,Customer 1367
CUST01368,Customer 1368
CUST01369,Customer 1369
CUST01370,Customer 1370
CUST01371,Customer 1371
CUST01372,Customer 1372
CUST01373,Customer 1373
CUST01374,Customer 1374
CUST01375,Customer 1375
CUST01376,Customer 1376
CUST01377,Customer 1377
CUST01378,Customer 1378
CUST01379,Customer 1379
CUST01380,Customer 1380
CUST01381,Customer 1381
CUST01382,Customer 1382
CUST01383,Customer 1383
CUST01384,Customer 1384
CUST01385,Customer 1385
CUST01386,Customer 1386
CUST01387,Customer 1387
CUST01388,Customer 1388
CUST01389,Customer 1389
CUST01390,Customer 1390
CUST01391,Customer 1391
CUST01392,Customer 1392
CUST01393,Customer 1393
CUST01394,Customer 1394
CUST01395,Customer 1395
CUST01396,Customer 1396
CUST01397,Customer 1397
CUST01398,Customer 1398
CUST01399,Customer 1399
CUST01400,Customer 1400
CUST01401,Customer 1401
CUST01402,Customer 1402
CUST01403,Customer 1403
CUST01404,Customer 1404
CUST01405,Customer 1405
CUST01406,Customer 1406
CUST01407,Customer 1407
CUST01408,Customer 1408
CUST01409,Customer 1409
CUST01410,Customer 1410
CUST01411,Customer 1411
CUST01412,Customer 1412
CUST01413,Customer 1413
CUST01414,Customer 1414
CUST01415,Customer 1415
CUST01416,Customer 1416
CUST01417,Customer 1417
CUST01418,Customer 1418
CUST01419,Customer 1419
CUST01420,Customer 1420
CUST01421,Customer 1421
CUST01422,Customer 1422
CUST01423,Customer 1423
CUST01424,Customer 1424
CUST01425,Customer 1425
CUST01426,Customer 1426
CUST01427,Customer 1427
CUST01428,Customer 1428
CUST01429,Customer 1429
CUST01430,Customer 1430
CUST01431,Customer 1431
CUST01432,Customer 1432
CUST01433,Customer 1433
CUST01434,Customer 1434
CUST01435,Customer 1435
CUST01436,Customer 1436
CUST01437,Customer 1437
CUST01438,Customer 1438
CUST01439,Customer 1439
CUST01440,Customer 1440
CUST01441,Customer 1441
CUST01442,Customer 1442
CUST01443,Customer 1443
CUST01444,Customer 1444
CUST01445,Customer 1445
CUST01446,Customer 1446
CUST01447,Customer 1447
CUST01448,Customer 1448
CUST01449,Customer 1449
CUST01450,Customer 1450
CUST01451,Customer 1451
CUST01452,Customer 1452
CUST01453,Customer 1453
CUST01454,Customer 1454
CUST01455,Customer 1455
CUST01456,Customer 1456
CUST01457,Customer 1457
CUST01458,Customer 1458
CUST01459,Customer 1459
CUST01460,Customer 1460
CUST01461,Customer 1461
CUST01462,Customer 1462
CUST01463,Customer 1463
CUST01464,Customer 1464
CUST01465,Customer 1465
CUST01466,Customer 1466
CUST01467,Customer 1467
CUST01468,Customer 1468
CUST01469,Customer 1469
CUST01470,Customer 1470
CUST01471,Customer 1471
CUST01472,Customer 1472
CUST01473,Customer 1473
CUST01474,Customer 1474
CUST01475,Customer 1475
CUST01476,Customer 1476
CUST01477,Customer 1477
CUST01478,Customer 1478
CUST01479,Customer 1479
CUST01480,Customer 1480
CUST01481,Customer 1481
CUST01482,Customer 1482
CUST01483,Customer 1483
CUST01484,Customer 1484
CUST01485,Customer 1485
CUST01486,Customer 1486
CUST01487,Customer 1487
CUST01488,Customer 1488
CUST01489,Customer 1489
CUST01490,Customer 1490
CUST01491,Customer 1491
CUST01492,Customer 1492
CUST01493,Customer 1493
CUST01494,Customer 1494
CUST01495,Customer 1495
CUST01496,Customer 1496
CUST01497,Customer 1497
CUST01498,Customer 1498
CUST01499,Customer 1499
CUST01500,Customer 1500
CUST01501,Customer 1501
CUST01502,Customer 1502
CUST01503,Customer 1503
CUST01504,Customer 1504
CUST01505,Customer 1505
CUST01506,Customer 1506
CUST01507,Customer 1507
CUST01508,Customer 1508
CUST01509,Customer 1509
CUST01510,Customer 1510
CUST01511,Customer 1511
CUST01512,Customer 1512
CUST01513,Customer 1513
CUST01514,Customer 1514
CUST01515,Customer 1515
CUST01516,Customer 1516
CUST01517,Customer 1517
CUST01518,Customer 1518
CUST01519,Customer 1519
CUST01520,Customer 1520
CUST01521,Customer 1521
CUST01522,Customer 1522
CUST01523,Customer 1523
CUST01524,Customer 1524
CUST01525,Customer 1525
CUST01526,Customer 1526
CUST01527,Customer 1527
CUST01528,Customer 1528
CUST01529,Customer 1529
CUST01530,Customer 1530
CUST01531,Customer 1531
CUST01532,Customer 1532
CUST01533,Customer 1533
CUST01534,Customer 1534
CUST01535,Customer 1535
CUST01536,Customer 1536
CUST01537,Customer 1537
CUST01538,Customer 1538
CUST01539,Customer 1539
CUST01540,Customer 1540
CUST01541,Customer 1541
CUST01542,Customer 1542
CUST01543,Customer 1543
CUST01544,Customer 1544
CUST01545,Customer 1545
CUST01546,Customer 1546
CUST01547,Customer 1547
CUST01548,Customer 1548
CUST01549,Customer 1549
CUST01550,Customer 1550
CUST01551,Customer 1551
CUST01552,Customer 1552
CUST01553,Customer 1553
CUST01554,Customer 1554
CUST01555,Customer 1555
CUST01556,Customer 1556
CUST01557,Customer 1557
CUST01558,Customer 1558
CUST01559,Customer 1559
CUST01560,Customer 1560
CUST01561,Customer 1561
CUST01562,Customer 1562
CUST01563,Customer 1563
CUST01564,Customer 1564
CUST01565,Customer 1565
CUST01566,Customer 1566
CUST01567,Customer 1567
CUST01568,Customer 1568
CUST01569,Customer 1569
CUST01570,Customer 1570
CUST01571,Customer 1571
CUST01572,Customer 1572
CUST01573,Customer 1573
CUST01574,Customer 1574
CUST01575,Customer 1575
CUST01576,Customer 1576
CUST01577,Customer 1577
CUST01578,Customer 1578
CUST01579,Customer 1579
CUST01580,Customer 1580
CUST01581,Customer 1581
CUST01582,Customer 1582
CUST01583,Customer 1583
CUST01584,Customer 1584
CUST01585,Customer 1585
CUST01586,Customer 1586
CUST01587,Customer 1587
CUST01588,Customer 1588
CUST01589,Customer 1589
CUST01590,Customer 1590
CUST01591,Customer 1591
CUST01592,Customer 1592
CUST01593,Customer 1593
CUST01594,Customer 1594
CUST01595,Customer 1595
CUST01596,Customer 1596
CUST01597,Customer 1597
CUST01598,Customer 1598
CUST01599,Customer 1599
CUST01600,Customer 1600
CUST01601,Customer 1601
CUST01602,Customer 1602
CUST01603,Customer 1603
CUST01604,Customer 1604
CUST01605,Customer 1605
CUST01606,Customer 1606
CUST01607,Customer 1607
CUST01608,Customer 1608
CUST01609,Customer 1609
CUST01610,Customer 1610
CUST01611,Customer 1611
CUST01612,Customer 1612
CUST01613,Customer 1613
CUST01614,Customer 1614
CUST01615,Customer 1615
CUST01616,Customer 1616
CUST01617,Customer 1617
CUST01618,Customer 1618
CUST01619,Customer 1619
CUST01620,Customer 1620
CUST01621,Customer 1621
CUST01622,Customer 1622
CUST01623,Customer 1623
CUST01624,Customer 1624
CUST01625,Customer 1625
CUST01626,Customer 1626
CUST01627,Customer 1627
CUST01628,Customer 1628
CUST01629,Customer 1629
CUST01630,Customer 1630
CUST01631,Customer 1631
CUST01632,Customer 1632
CUST01633,Customer 1633
CUST01634,Customer 1634
CUST01635,Customer 1635
CUST01636,Customer 1636
CUST01637,Customer 1637
CUST01638,Customer 1638
CUST01639,Customer 1639
CUST01640,Customer 1640
CUST01641,Customer 1641
CUST01642,Customer 1642
CUST01643,Customer 1643
CUST01644,Customer 1644
CUST01645,Customer 1645
CUST01646,Customer 1646
CUST01647,Customer 1647
CUST01648,Customer 1648
CUST01649,Customer 1649
CUST01650,Customer 1650
CUST01651,Customer 1651
CUST01652,Customer 1652
CUST01653,Customer 1653
CUST01654,Customer 1654
CUST01655,Customer 1655
CUST01656,Customer 1656
CUST01657,Customer 1657
CUST01658,Customer 1658
CUST01659,Customer 1659
CUST01660,Customer 1660
CUST01661,Customer 1661
CUST01662,Customer 1662
CUST01663,Customer 1663
CUST01664,Customer 1664
CUST01665,Customer 1665
CUST01666,Customer 1666
CUST01667,Customer 1667
CUST01668,Customer 1668
CUST01669,Customer 1669
CUST01670,Customer 1670
CUST01671,Customer 1671
CUST01672,Customer 1672
CUST01673,Customer 1673
CUST01674,Customer 1674
CUST01675,Customer 1675
CUST01676,Customer 1676
CUST01677,Customer 1677
CUST01678,Customer 1678
CUST01679,Customer 1679
CUST01680,Customer 1680
CUST01681,Customer 1681
CUST01682,Customer 1682
CUST01683,Customer 1683
CUST01684,Customer 1684
CUST01685,Customer 1685
CUST01686,Customer 1686
CUST01687,Customer 1687
CUST01688,Customer 1688
CUST01689,Customer 1689
CUST01690,Customer 1690
CUST01691,Customer 1691
CUST01692,Customer 1692
CUST01693,Customer 1693
CUST01694,Customer 1694
CUST01695,Customer 1695
CUST01696,Customer 1696
CUST01697,Customer 1697
CUST01698,Customer 1698
CUST01699,Customer 1699
CUST01700,Customer 1700
CUST01701,Customer 1701
CUST01702,Customer 1702
CUST01703,Customer 1703
CUST01704,Customer 1704
CUST01705,Customer 1705
CUST01706,Customer 1706
CUST01707,Customer 1707
CUST01708,Customer 1708
CUST01709,Customer 1709
CUST01710,Customer 1710
CUST01711,Customer 1711
CUST01712,Customer 1712
CUST01713,Customer 1713
CUST01714,Customer 1714
CUST01715,Customer 1715
CUST01716,Customer 1716
CUST01717,Customer 1717
CUST01718,Customer 1718
CUST01719,Customer 1719
CUST01720,Customer 1720
CUST01721,Customer 1721
CUST01722,Customer 1722
CUST01723,Customer 1723
CUST01724,Customer 1724
CUST01725,Customer 1725
CUST01726,Customer 1726
CUST01727,Customer 1727
CUST01728,Customer 1728
CUST01729,Customer 1729
CUST01730,Customer 1730
CUST01731,Customer 1731
CUST01732,Customer 1732
CUST01733,Customer 1733
CUST01734,Customer 1734
CUST01735,Customer 1735
CUST01736,Customer 1736
CUST01737,Customer 1737
CUST01738,Customer 1738
CUST01739,Customer 1739
CUST01740,Customer 1740
CUST01741,Customer 1741
CUST01742,Customer 1742
CUST01743,Customer 1743
CUST01744,Customer 1744
CUST01745,Customer 1745
CUST01746,Customer 1746
CUST01747,Customer 1747
CUST01748,Customer 1748
CUST01749,Customer 1749
CUST01750,Customer 1750
CUST01751,Customer 1751
CUST01752,Customer 1752
CUST01753,Customer 1753
CUST01754,Customer 1754
CUST01755,Customer 1755
CUST01756,Customer 1756
CUST01757,Customer 1757
CUST01758,Customer 1758
CUST01759,Customer 1759
CUST01760,Customer 1760
CUST01761,Customer 1761
CUST01762,Customer 1762
CUST01763,Customer 1763
CUST01764,Customer 1764
CUST01765,Customer 1765
CUST01766,Customer 1766
CUST01767,Customer 1767
CUST01768,Customer 1768
CUST01769,Customer 1769
CUST01770,Customer 1770
CUST01771,Customer 1771
CUST01772,Customer 1772
CUST01773,Customer 1773
CUST01774,Customer 1774
CUST01775,Customer 1775
CUST01776,Customer 1776
CUST01777,Customer 1777
CUST01778,Customer 1778
CUST01779,Customer 1779
CUST01780,Customer 1780
CUST01781,Customer 1781
CUST01782,Customer 1782
CUST01783,Customer 1783
CUST01784,Customer 1784
CUST01785,Customer 1785
CUST01786,Customer 1786
CUST01787,Customer 1787
CUST01788,Customer 1788
CUST01789,Customer 1789
CUST01790,Customer 1790
CUST01791,Customer 1791
CUST01792,Customer 1792
CUST01793,Customer 1793
CUST01794,Customer 1794
CUST01795,Customer 1795
CUST01796,Customer 1796
CUST01797,Customer 1797
CUST01798,Customer 1798
CUST01799,Customer 1799
CUST01800,Customer 1800
CUST01801,Customer 1801
CUST01802,Customer 1802
CUST01803,Customer 1803
CUST01804,Customer 1804
CUST01805,Customer 1805
CUST01806,Customer 1806
CUST01807,Customer 1807
CUST01808,Customer 1808
CUST01809,Customer 1809
CUST01810,Customer 1810
CUST01811,Customer 1811
CUST01812,Customer 1812
CUST01813,Customer 1813
CUST01814,Customer 1814
CUST01815,Customer 1815
CUST01816,Customer 1816
CUST01817,Customer 1817
CUST01818,Customer 1818
CUST01819,Customer 1819
CUST01820,Customer 1820
CUST01821,Customer 1821
CUST01822,Customer 1822
CUST01823,Customer 1823
CUST01824,Customer 1824
CUST01825,Customer 1825
CUST01826,Customer 1826
CUST01827,Customer 1827
CUST01828,Customer 1828
CUST01829,Customer 1829
CUST01830,Customer 1830
CUST01831,Customer 1831
CUST01832,Customer 1832
CUST01833,Customer 1833
CUST01834,Customer 1834
CUST01835,Customer 1835
CUST01836,Customer 1836
CUST01837,Customer 1837
CUST01838,Customer 1838
CUST01839,Customer 1839
CUST01840,Customer 1840
CUST01841,Customer 1841
CUST01842,Customer 1842
CUST01843,Customer 1843
CUST01844,Customer 1844
CUST01845,Customer 1845
CUST01846,Customer 1846
CUST01847,Customer 1847
CUST01848,Customer 1848
CUST01849,Customer 1849
CUST01850,Customer 1850
CUST01851,Customer 1851
CUST01852,Customer 1852
CUST01853,Customer 1853
CUST01854,Customer 1854
CUST01855,Customer 1855
CUST01856,Customer 1856
CUST01857,Customer 1857
CUST01858,Customer 1858
CUST01859,Customer 1859
CUST01860,Customer 1860
CUST01861,Customer 1861
CUST01862,Customer 1862
CUST01863,Customer 1863
CUST01864,Customer 1864
CUST01865,Customer 1865
CUST01866,Customer 1866
CUST01867,Customer 1867
CUST01868,Customer 1868
CUST01869,Customer 1869
CUST01870,Customer 1870
CUST01871,Customer 1871
CUST01872,Customer 1872
CUST01873,Customer 1873
CUST01874,Customer 1874
CUST01875,Customer 1875
CUST01876,Customer 1876
CUST01877,Customer 1877
CUST01878,Customer 1878
CUST01879,Customer 1879
CUST01880,Customer 1880
CUST01881,Customer 1881
CUST01882,Customer 1882
CUST01883,Customer 1883
CUST01884,Customer 1884
CUST01885,Customer 1885
CUST01886,Customer 1886
CUST01887,Customer 1887
CUST01888,Customer 1888
CUST01889,Customer 1889
CUST01890,Customer 1890
CUST01891,Customer 1891
CUST01892,Customer 1892
CUST01893,Customer 1893
CUST01894,Customer 1894
CUST01895,Customer 1895
CUST01896,Customer 1896
CUST01897,Customer 1897
CUST01898,Customer 1898
CUST01899,Customer 1899
CUST01900,Customer 1900
CUST01901,Customer 1901
CUST01902,Customer 1902
CUST01903,Customer 1903
CUST01904,Customer 1904
CUST01905,Customer 1905
CUST01906,Customer 1906
CUST01907,Customer 1907
CUST01908,Customer 1908
CUST01909,Customer 1909
CUST01910,Customer 1910
CUST01911,Customer 1911
CUST01912,Customer 1912
CUST01913,Customer 1913
CUST01914,Customer 1914
CUST01915,Customer 1915
CUST01916,Customer 1916
CUST01917,Customer 1917
CUST01918,Customer 1918
CUST01919,Customer 1919
CUST01920,Customer 1920
CUST01921,Customer 1921
CUST01922,Customer 1922
CUST01923,Customer 1923
CUST01924,Customer 1924
CUST01925,Customer 1925
CUST01926,Customer 1926
CUST01927,Customer 1927
CUST01928,Customer 1928
CUST01929,Customer 1929
CUST01930,Customer 1930
CUST01931,Customer 1931
CUST01932,Customer 1932
CUST01933,Customer 1933
CUST01934,Customer 1934
CUST01935,Customer 1935
CUST01936,Customer 1936
CUST01937,Customer 1937
CUST01938,Customer 1938
CUST01939,Customer 1939
CUST01940,Customer 1940
CUST01941,Customer 1941
CUST01942,Customer 1942
CUST01943,Customer 1943
CUST01944,Customer 1944
CUST01945,Customer 1945
CUST01946,Customer 1946
CUST01947,Customer 1947
CUST01948,Customer 1948
CUST01949,Customer 1949
CUST01950,Customer 1950
CUST01951,Customer 1951
CUST01952,Customer 1952
CUST01953,Customer 1953
CUST01954,Customer 1954
CUST01955,Customer 1955
CUST01956,Customer 1956
CUST01957,Customer 1957
CUST01958,Customer 1958
CUST01959,Customer 1959
CUST01960,Customer 1960
CUST01961,Customer 1961
CUST01962,Customer 1962
CUST01963,Customer 1963
CUST01964,Customer 1964
CUST01965,Customer 1965
CUST01966,Customer 1966
CUST01967,Customer 1967
CUST01968,Customer 1968
CUST01969,Customer 1969
CUST01970,Customer 1970
CUST01971,Customer 1971
CUST01972,Customer 1972
CUST01973,Customer 1973
CUST01974,Customer 1974
CUST01975,Customer 1975
CUST01976,Customer 1976
CUST01977,Customer 1977
CUST01978,Customer 1978
CUST01979,Customer 1979
CUST01980,Customer 1980
CUST01981,Customer 1981
CUST01982,Customer 1982
CUST01983,Customer 1983
CUST01984,Customer 1984
CUST01985,Customer 1985
CUST01986,Customer 1986
CUST01987,Customer 1987
CUST01988,Customer 1988
CUST01989,Customer 1989
CUST01990,Customer 1990
CUST01991,Customer 1991
CUST01992,Customer 1992
CUST01993,Customer 1993
CUST01994,Customer 1994
CUST01995,Customer 1995
CUST01996,Customer 1996
CUST01997,Customer 1997
CUST01998,Customer 1998
CUST01999,Customer 1999
CUST02000,Customer 2000
CUST02001,Customer 2001
CUST02002,Customer 2002
CUST02003,Customer 2003
CUST02004,Customer 2004
CUST02005,Customer 2005
CUST02006,Customer 2006
CUST02007,Customer 2007
CUST02008,Customer 2008
CUST02009,Customer 2009
CUST02010,Customer 2010
CUST02011,Customer 2011
CUST02012,Customer 2012
CUST02013,Customer 2013
CUST02014,Customer 2014
CUST02015,Customer 2015
CUST02016,Customer 2016
CUST02017,Customer 2017
CUST02018,Customer 2018
CUST02019,Customer 2019
CUST02020,Customer 2020
CUST02021,Customer 2021
CUST02022,Customer 2022
CUST02023,Customer 2023
CUST02024,Customer 2024
CUST02025,Customer 2025
CUST02026,Customer 2026
CUST02027,Customer 2027
CUST02028,Customer 2028
CUST02029,Customer 2029
CUST02030,Customer 2030
CUST02031,Customer 2031
CUST02032,Customer 2032
CUST02033,Customer 2033
CUST02034,Customer 2034
CUST02035,Customer 2035
CUST02036,Customer 2036
CUST02037,Customer 2037
CUST02038,Customer 2038
CUST02039,Customer 2039
CUST02040,Customer 2040
CUST02041,Customer 2041
CUST02042,Customer 2042
CUST02043,Customer 2043
CUST02044,Customer 2044
CUST02045,Customer 2045
CUST02046,Customer 2046
CUST02047,Customer 2047
CUST02048,Customer 2048
CUST02049,Customer 2049
CUST02050,Customer 2050
CUST02051,Customer 2051
CUST02052,Customer 2052
CUST02053,Customer 2053
CUST02054,Customer 2054
CUST02055,Customer 2055
CUST02056,Customer 2056
CUST02057,Customer 2057
CUST02058,Customer 2058
CUST02059,Customer 2059
CUST02060,Customer 2060
CUST02061,Customer 2061
CUST02062,Customer 2062
CUST02063,Customer 2063
CUST02064,Customer 2064
CUST02065,Customer 2065
CUST02066,Customer 2066
CUST02067,Customer 2067
CUST02068,Customer 2068
CUST02069,Customer 2069
CUST02070,Customer 2070
CUST02071,Customer 2071
CUST02072,Customer 2072
CUST02073,Customer 2073
CUST02074,Customer 2074
CUST02075,Customer 2075
CUST02076,Customer 2076
CUST02077,Customer 2077
CUST02078,Customer 2078
CUST02079,Customer 2079
CUST02080,Customer 2080
CUST02081,Customer 2081
CUST02082,Customer 2082
CUST02083,Customer 2083
CUST02084,Customer 2084
CUST02085,Customer 2085
CUST02086,Customer 2086
CUST02087,Customer 2087
CUST02088,Customer 2088
CUST02089,Customer 2089
CUST02090,Customer 2090
CUST02091,Customer 2091
CUST02092,Customer 2092
CUST02093,Customer 2093
CUST02094,Customer 2094
CUST02095,Customer 2095
CUST02096,Customer 2096
CUST02097,Customer 2097
CUST02098,Customer 2098
CUST02099,Customer 2099
CUST02100,Customer 2100
CUST02101,Customer 2101
CUST02102,Customer 2102
CUST02103,Customer 2103
CUST02104,Customer 2104
CUST02105,Customer 2105
CUST02106,Customer 2106
CUST02107,Customer 2107
CUST02108,Customer 2108
CUST02109,Customer 2109
CUST02110,Customer 2110
CUST02111,Customer 2111
CUST02112,Customer 2112
CUST02113,Customer 2113
CUST02114,Customer 2114
CUST02115,Customer 2115
CUST02116,Customer 2116
CUST02117,Customer 2117
CUST02118,Customer 2118
CUST02119,Customer 2119
CUST02120,Customer 2120
CUST02121,Customer 2121
CUST02122,Customer 2122
CUST02123,Customer 2123
CUST02124,Customer 2124
CUST02125,Customer 2125
CUST02126,Customer 2126
CUST02127,Customer 2127
CUST02128,Customer 2128
CUST02129,Customer 2129
CUST02130,Customer 2130
CUST02131,Customer 2131
CUST02132,Customer 2132
CUST02133,Customer 2133
CUST02134,Customer 2134
CUST02135,Customer 2135
CUST02136,Customer 2136
CUST02137,Customer 2137
CUST02138,Customer 2138
CUST02139,Customer 2139
CUST02140,Customer 2140
CUST02141,Customer 2141
CUST02142,Customer 2142
CUST02143,Customer 2143
CUST02144,Customer 2144
CUST02145,Customer 2145
CUST02146,Customer 2146
CUST02147,Customer 2147
CUST02148,Customer 2148
CUST02149,Customer 2149
CUST02150,Customer 2150
CUST02151,Customer 2151
CUST02152,Customer 2152
CUST02153,Customer 2153
CUST02154,Customer 2154
CUST02155,Customer 2155
CUST02156,Customer 2156
CUST02157,Customer 2157
CUST02158,Customer 2158
CUST02159,Customer 2159
CUST02160,Customer 2160
CUST02161,Customer 2161
CUST02162,Customer 2162
CUST02163,Customer 2163
CUST02164,Customer 2164
CUST02165,Customer 2165
CUST02166,Customer 2166
CUST02167,Customer 2167
CUST02168,Customer 2168
CUST02169,Customer 2169
CUST02170,Customer 2170
CUST02171,Customer 2171
CUST02172,Customer 2172
CUST02173,Customer 2173
CUST02174,Customer 2174
CUST02175,Customer 2175
CUST02176,Customer 2176
CUST02177,Customer 2177
CUST02178,Customer 2178
CUST02179,Customer 2179
CUST02180,Customer 2180
CUST02181,Customer 2181
CUST02182,Customer 2182
CUST02183,Customer 2183
CUST02184,Customer 2184
CUST02185,Customer 2185
CUST02186,Customer 2186
CUST02187,Customer 2187
CUST02188,Customer 2188
CUST02189,Customer 2189
CUST02190,Customer 2190
CUST02191,Customer 2191
CUST02192,Customer 2192
CUST02193,Customer 2193
CUST02194,Customer 2194
CUST02195,Customer 2195
CUST02196,Customer 2196
CUST02197,Customer 2197
CUST02198,Customer 2198
CUST02199,Customer 2199
CUST02200,Customer 2200
CUST02201,Customer 2201
CUST02202,Customer 2202
CUST02203,Customer 2203
CUST02204,Customer 2204
CUST02205,Customer 2205
CUST02206,Customer 2206
CUST02207,Customer 2207
CUST02208,Customer 2208
CUST02209,Customer 2209
CUST02210,Customer 2210
CUST02211,Customer 2211
CUST02212,Customer 2212
CUST02213,Customer 2213
CUST02214,Customer 2214
CUST02215,Customer 2215
CUST02216,Customer 2216
CUST02217,Customer 2217
CUST02218,Customer 2218
CUST02219,Customer 2219
CUST02220,Customer 2220
CUST02221,Customer 2221
CUST02222,Customer 2222
CUST02223,Customer 2223
CUST02224,Customer 2224
CUST02225,Customer 2225
CUST02226,Customer 2226
CUST02227,Customer 2227
CUST02228,Customer 2228
CUST02229,Customer 2229
CUST02230,Customer 2230
CUST02231,Customer 2231
CUST02232,Customer 2232
CUST02233,Customer 2233
CUST02234,Customer 2234
CUST02235,Customer 2235
CUST02236,Customer 2236
CUST02237,Customer 2237
CUST02238,Customer 2238
CUST02239,Customer 2239
CUST02240,Customer 2240
CUST02241,Customer 2241
CUST02242,Customer 2242
CUST02243,Customer 2243
CUST02244,Customer 2244
CUST02245,Customer 2245
CUST02246,Customer 2246
CUST02247,Customer 2247
CUST02248,Customer 2248
CUST02249,Customer 2249
CUST02250,Customer 2250
CUST02251,Customer 2251
CUST02252,Customer 2252
CUST02253,Customer 2253
CUST02254,Customer 2254
CUST02255,Customer 2255
CUST02256,Customer 2256
CUST02257,Customer 2257
CUST02258,Customer 2258
CUST02259,Customer 2259
CUST02260,Customer 2260
CUST02261,Customer 2261
CUST02262,Customer 2262
CUST02263,Customer 2263
CUST02264,Customer 2264
CUST02265,Customer 2265
CUST02266,Customer 2266
CUST02267,Customer 2267
CUST02268,Customer 2268
CUST02269,Customer 2269
CUST02270,Customer 2270
CUST02271,Customer 2271
CUST02272,Customer 2272
CUST02273,Customer 2273
CUST02274,Customer 2274
CUST02275,Customer 2275
CUST02276,Customer 2276
CUST02277,Customer 2277
CUST02278,Customer 2278
CUST02279,Customer 2279
CUST02280,Customer 2280
CUST02281,Customer 2281
CUST02282,Customer 2282
CUST02283,Customer 2283
CUST02284,Customer 2284
CUST02285,Customer 2285
CUST02286,Customer 2286
CUST02287,Customer 2287
CUST02288,Customer 2288
CUST02289,Customer 2289
CUST02290,Customer 2290
CUST02291,Customer 2291
CUST02292,Customer 2292
CUST02293,Customer 2293
CUST02294,Customer 2294
CUST02295,Customer 2295
CUST02296,Customer 2296
CUST02297,Customer 2297
CUST02298,Customer 2298
CUST02299,Customer 2299
CUST02300,Customer 2300
CUST02301,Customer 2301
CUST02302,Customer 2302
CUST02303,Customer 2303
CUST02304,Customer 2304
CUST02305,Customer 2305
CUST02306,Customer 2306
CUST02307,Customer 2307
CUST02308,Customer 2308
CUST02309,Customer 2309
CUST02310,Customer 2310
CUST02311,Customer 2311
CUST02312,Customer 2312
CUST02313,Customer 2313
CUST02314,Customer 2314
CUST02315,Customer 2315
CUST02316,Customer 2316
CUST02317,Customer 2317
CUST02318,Customer 2318
CUST02319,Customer 2319
CUST02320,Customer 2320
CUST02321,Customer 2321
CUST02322,Customer 2322
CUST02323,Customer 2323
CUST02324,Customer 2324
CUST02325,Customer 2325
CUST02326,Customer 2326
CUST02327,Customer 2327
CUST02328,Customer 2328
CUST02329,Customer 2329
CUST02330,Customer 2330
CUST02331,Customer 2331
CUST02332,Customer 2332
CUST02333,Customer 2333
CUST02334,Customer 2334
CUST02335,Customer 2335
CUST02336,Customer 2336
CUST02337,Customer 2337
CUST02338,Customer 2338
CUST02339,Customer 2339
CUST02340,Customer 2340
CUST02341,Customer 2341
CUST02342,Customer 2342
CUST02343,Customer 2343
CUST02344,Customer 2344
CUST02345,Customer 2345
CUST02346,Customer 2346
CUST02347,Customer 2347
CUST02348,Customer 2348
CUST02349,Customer 2349
CUST02350,Customer 2350
CUST02351,Customer 2351
CUST02352,Customer 2352
CUST02353,Customer 2353
CUST02354,Customer 2354
CUST02355,Customer 2355
CUST02356,Customer 2356
CUST02357,Customer 2357
CUST02358,Customer 2358
CUST02359,Customer 2359
CUST02360,Customer 2360
CUST02361,Customer 2361
CUST02362,Customer 2362
CUST02363,Customer 2363
CUST02364,Customer 2364
CUST02365,Customer 2365
CUST02366,Customer 2366
CUST02367,Customer 2367
CUST02368,Customer 2368
CUST02369,Customer 2369
CUST02370,Customer 2370
CUST02371,Customer 2371
CUST02372,Customer 2372
CUST02373,Customer 2373
CUST02374,Customer 2374
CUST02375,Customer 2375
CUST02376,Customer 2376
CUST02377,Customer 2377
CUST02378,Customer 2378
CUST02379,Customer 2379
CUST02380,Customer 2380
CUST02381,Customer 2381
CUST02382,Customer 2382
CUST02383,Customer 2383
CUST02384,Customer 2384
CUST02385,Customer 2385
CUST02386,Customer 2386
CUST02387,Customer 2387
CUST02388,Customer 2388
CUST02389,Customer 2389
CUST02390,Customer 2390
CUST02391,Customer 2391
CUST02392,Customer 2392
CUST02393,Customer 2393
CUST02394,Customer 2394
CUST02395,Customer 2395
CUST02396,Customer 2396
CUST02397,Customer 2397
CUST02398,Customer 2398
CUST02399,Customer 2399
CUST02400,Customer 2400
CUST02401,Customer 2401
CUST02402,Customer 2402
CUST02403,Customer 2403
CUST02404,Customer 2404
CUST02405,Customer 2405
CUST02406,Customer 2406
CUST02407,Customer 2407
CUST02408,Customer 2408
CUST02409,Customer 2409
CUST02410,Customer 2410
CUST02411,Customer 2411
CUST02412,Customer 2412
CUST02413,Customer 2413
CUST02414,Customer 2414
CUST02415,Customer 2415
CUST02416,Customer 2416
CUST02417,Customer 2417
CUST02418,Customer 2418
CUST02419,Customer 2419
CUST02420,Customer 2420
CUST02421,Customer 2421
CUST02422,Customer 2422
CUST02423,Customer 2423
CUST02424,Customer 2424
CUST02425,Customer 2425
CUST02426,Customer 2426
CUST02427,Customer 2427
CUST02428,Customer 2428
CUST02429,Customer 2429
CUST02430,Customer 2430
CUST02431,Customer 2431
CUST02432,Customer 2432
CUST02433,Customer 2433
CUST02434,Customer 2434
CUST02435,Customer 2435
CUST02436,Customer 2436
CUST02437,Customer 2437
CUST02438,Customer 2438
CUST02439,Customer 2439
CUST02440,Customer 2440
CUST02441,Customer 2441
CUST02442,Customer 2442
CUST02443,Customer 2443
CUST02444,Customer 2444
CUST02445,Customer 2445
CUST02446,Customer 2446
CUST02447,Customer 2447
CUST02448,Customer 2448
CUST02449,Customer 2449
CUST02450,Customer 2450
CUST02451,Customer 2451
CUST02452,Customer 2452
CUST02453,Customer 2453
CUST02454,Customer 2454
CUST02455,Customer 2455
CUST02456,Customer 2456
CUST02457,Customer 2457
CUST02458,Customer 2458
CUST02459,Customer 2459
CUST02460,Customer 2460
CUST02461,Customer 2461
CUST02462,Customer 2462
CUST02463,Customer 2463
CUST02464,Customer 2464
CUST02465,Customer 2465
CUST02466,Customer 2466
CUST02467,Customer 2467
CUST02468,Customer 2468
CUST02469,Customer 2469
CUST02470,Customer 2470
CUST02471,Customer 2471
CUST02472,Customer 2472
CUST02473,Customer 2473
CUST02474,Customer 2474
CUST02475,Customer 2475
CUST02476,Customer 2476
CUST02477,Customer 2477
CUST02478,Customer 2478
CUST02479,Customer 2479
CUST02480,Customer 2480
CUST02481,Customer 2481
CUST02482,Customer 2482
CUST02483,Customer 2483
CUST02484,Customer 2484
CUST02485,Customer 2485
CUST02486,Customer 2486
CUST02487,Customer 2487
CUST02488,Customer 2488
CUST02489,Customer 2489
CUST02490,Customer 2490
CUST02491,Customer 2491
CUST02492,Customer 2492
CUST02493,Customer 2493
CUST02494,Customer 2494
CUST02495,Customer 2495
CUST02496,Customer 2496
CUST02497,Customer 2497
CUST02498,Customer 2498
CUST02499,Customer 2499
CUST02500,Customer 2500
CUST02501,Customer 2501
CUST02502,Customer 2502
CUST02503,Customer 2503
CUST02504,Customer 2504
CUST02505,Customer 2505
CUST02506,Customer 2506
CUST02507,Customer 2507
CUST02508,Customer 2508
CUST02509,Customer 2509
CUST02510,Customer 2510
CUST02511,Customer 2511
CUST02512,Customer 2512
CUST02513,Customer 2513
CUST02514,Customer 2514
CUST02515,Customer 2515
CUST02516,Customer 2516
CUST02517,Customer 2517
CUST02518,Customer 2518
CUST02519,Customer 2519
CUST02520,Customer 2520
CUST02521,Customer 2521
CUST02522,Customer 2522
CUST02523,Customer 2523
CUST02524,Customer 2524
CUST02525,Customer 2525
CUST02526,Customer 2526
CUST02527,Customer 2527
CUST02528,Customer 2528
CUST02529,Customer 2529
CUST02530,Customer 2530
CUST02531,Customer 2531
CUST02532,Customer 2532
CUST02533,Customer 2533
CUST02534,Customer 2534
CUST02535,Customer 2535
CUST02536,Customer 2536
CUST02537,Customer 2537
CUST02538,Customer 2538
CUST02539,Customer 2539
CUST02540,Customer 2540
CUST02541,Customer 2541
CUST02542,Customer 2542
CUST02543,Customer 2543
CUST02544,Customer 2544
CUST02545,Customer 2545
CUST02546,Customer 2546
CUST02547,Customer 2547
CUST02548,Customer 2548
CUST02549,Customer 2549
CUST02550,Customer 2550
CUST02551,Customer 2551
CUST02552,Customer 2552
CUST02553,Customer 2553
CUST02554,Customer 2554
CUST02555,Customer 2555
CUST02556,Customer 2556
CUST02557,Customer 2557
CUST02558,Customer 2558
CUST02559,Customer 2559
CUST02560,Customer 2560
CUST02561,Customer 2561
CUST02562,Customer 2562
CUST02563,Customer 2563
CUST02564,Customer 2564
CUST02565,Customer 2565
CUST02566,Customer 2566
CUST02567,Customer 2567
CUST02568,Customer 2568
CUST02569,Customer 2569
CUST02570,Customer 2570
CUST02571,Customer 2571
CUST02572,Customer 2572
CUST02573,Customer 2573
CUST02574,Customer 2574
CUST02575,Customer 2575
CUST02576,Customer 2576
CUST02577,Customer 2577
CUST02578,Customer 2578
CUST02579,Customer 2579
CUST02580,Customer 2580
CUST02581,Customer 2581
CUST02582,Customer 2582
CUST02583,Customer 2583
CUST02584,Customer 2584
CUST02585,Customer 2585
CUST02586,Customer 2586
CUST02587,Customer 2587
CUST02588,Customer 2588
CUST02589,Customer 2589
CUST02590,Customer 2590
CUST02591,Customer 2591
CUST02592,Customer 2592
CUST02593,Customer 2593
CUST02594,Customer 2594
CUST02595,Customer 2595
CUST02596,Customer 2596
CUST02597,Customer 2597
CUST02598,Customer 2598
CUST02599,Customer 2599
CUST02600,Customer 2600
CUST02601,Customer 2601
CUST02602,Customer 2602
CUST02603,Customer 2603
CUST02604,Customer 2604
CUST02605,Customer 2605
CUST02606,Customer 2606
CUST02607,Customer 2607
CUST02608,Customer 2608
CUST02609,Customer 2609
CUST02610,Customer 2610
CUST02611,Customer 2611
CUST02612,Customer 2612
CUST02613,Customer 2613
CUST02614,Customer 2614
CUST02615,Customer 2615
CUST02616,Customer 2616
CUST02617,Customer 2617
CUST02618,Customer 2618
CUST02619,Customer 2619
CUST02620,Customer 2620
CUST02621,Customer 2621
CUST02622,Customer 2622
CUST02623,Customer 2623
CUST02624,Customer 2624
CUST02625,Customer 2625
CUST02626,Customer 2626
CUST02627,Customer 2627
CUST02628,Customer 2628
CUST02629,Customer 2629
CUST02630,Customer 2630
CUST02631,Customer 2631
CUST02632,Customer 2632
CUST02633,Customer 2633
CUST02634,Customer 2634
CUST02635,Customer 2635
CUST02636,Customer 2636
CUST02637,Customer 2637
CUST02638,Customer 2638
CUST02639,Customer 2639
CUST02640,Customer 2640
CUST02641,Customer 2641
CUST02642,Customer 2642
CUST02643,Customer 2643
CUST02644,Customer 2644
CUST02645,Customer 2645
CUST02646,Customer 2646
CUST02647,Customer 2647
CUST02648,Customer 2648
CUST02649,Customer 2649
CUST02650,Customer 2650
CUST02651,Customer 2651
CUST02652,Customer 2652
CUST02653,Customer 2653
CUST02654,Customer 2654
CUST02655,Customer 2655
CUST02656,Customer 2656
CUST02657,Customer 2657
CUST02658,Customer 2658
CUST02659,Customer 2659
CUST02660,Customer 2660
CUST02661,Customer 2661
CUST02662,Customer 2662
CUST02663,Customer 2663
CUST02664,Customer 2664
CUST02665,Customer 2665
CUST02666,Customer 2666
CUST02667,Customer 2667
CUST02668,Customer 2668
CUST02669,Customer 2669
CUST02670,Customer 2670
CUST02671,Customer 2671
CUST02672,Customer 2672
CUST02673,Customer 2673
CUST02674,Customer 2674
CUST02675,Customer 2675
CUST02676,Customer 2676
CUST02677,Customer 2677
CUST02678,Customer 2678
CUST02679,Customer 2679
CUST02680,Customer 2680
CUST02681,Customer 2681
CUST02682,Customer 2682
CUST02683,Customer 2683
CUST02684,Customer 2684
CUST02685,Customer 2685
CUST02686,Customer 2686
CUST02687,Customer 2687
CUST02688,Customer 2688
CUST02689,Customer 2689
CUST02690,Customer 2690
CUST02691,Customer 2691
CUST02692,Customer 2692
CUST02693,Customer 2693
CUST02694,Customer 2694
CUST02695,Customer 2695
CUST02696,Customer 2696
CUST02697,Customer 2697
CUST02698,Customer 2698
CUST02699,Customer 2699
CUST02700,Customer 2700
CUST02701,Customer 2701
CUST02702,Customer 2702
CUST02703,Customer 2703
CUST02704,Customer 2704
CUST02705,Customer 2705
CUST02706,Customer 2706
CUST02707,Customer 2707
CUST02708,Customer 2708
CUST02709,Customer 2709
CUST02710,Customer 2710
CUST02711,Customer 2711
CUST02712,Customer 2712
CUST02713,Customer 2713
CUST02714,Customer 2714
CUST02715,Customer 2715
CUST02716,Customer 2716
CUST02717,Customer 2717
CUST02718,Customer 2718
CUST02719,Customer 2719
CUST02720,Customer 2720
CUST02721,Customer 2721
CUST02722,Customer 2722
CUST02723,Customer 2723
CUST02724,Customer 2724
CUST02725,Customer 2725
CUST02726,Customer 2726
CUST02727,Customer 2727
CUST02728,Customer 2728
CUST02729,Customer 2729
CUST02730,Customer 2730
CUST02731,Customer 2731
CUST02732,Customer 2732
CUST02733,Customer 2733
CUST02734,Customer 2734
CUST02735,Customer 2735
CUST02736,Customer 2736
CUST02737,Customer 2737
CUST02738,Customer 2738
CUST02739,Customer 2739
CUST02740,Customer 2740
CUST02741,Customer 2741
CUST02742,Customer 2742
CUST02743,Customer 2743
CUST02744,Customer 2744
CUST02745,Customer 2745
CUST02746,Customer 2746
CUST02747,Customer 2747
CUST02748,Customer 2748
CUST02749,Customer 2749
CUST02750,Customer 2750
CUST02751,Customer 2751
CUST02752,Customer 2752
CUST02753,Customer 2753
CUST02754,Customer 2754
CUST02755,Customer 2755
CUST02756,Customer 2756
CUST02757,Customer 2757
CUST02758,Customer 2758
CUST02759,Customer 2759
CUST02760,Customer 2760
CUST02761,Customer 2761
CUST02762,Customer 2762
CUST02763,Customer 2763
CUST02764,Customer 2764
CUST02765,Customer 2765
CUST02766,Customer 2766
CUST02767,Customer 2767
CUST02768,Customer 2768
CUST02769,Customer 2769
CUST02770,Customer 2770
CUST02771,Customer 2771
CUST02772,Customer 2772
CUST02773,Customer 2773
CUST02774,Customer 2774
CUST02775,Customer 2775
CUST02776,Customer 2776
CUST02777,Customer 2777
CUST02778,Customer 2778
CUST02779,Customer 2779
CUST02780,Customer 2780
CUST02781,Customer 2781
CUST02782,Customer 2782
CUST02783,Customer 2783
CUST02784,Customer 2784
CUST02785,Customer 2785
CUST02786,Customer 2786
CUST02787,Customer 2787
CUST02788,Customer 2788
CUST02789,Customer 2789
CUST02790,Customer 2790
CUST02791,Customer 2791
CUST02792,Customer 2792
CUST02793,Customer 2793
CUST02794,Customer 2794
CUST02795,Customer 2795
CUST02796,Customer 2796
CUST02797,Customer 2797
CUST02798,Customer 2798
CUST02799,Customer 2799
CUST02800,Customer 2800
CUST02801,Customer 2801
CUST02802,Customer 2802
CUST02803,Customer 2803
CUST02804,Customer 2804
CUST02805,Customer 2805
CUST02806,Customer 2806
CUST02807,Customer 2807
CUST02808,Customer 2808
CUST02809,Customer 2809
CUST02810,Customer 2810
CUST02811,Customer 2811
CUST02812,Customer 2812
CUST02813,Customer 2813
CUST02814,Customer 2814
CUST02815,Customer 2815
CUST02816,Customer 2816
CUST02817,Customer 2817
CUST02818,Customer 2818
CUST02819,Customer 2819
CUST02820,Customer 2820
CUST02821,Customer 2821
CUST02822,Customer 2822
CUST02823,Customer 2823
CUST02824,Customer 2824
CUST02825,Customer 2825
CUST02826,Customer 2826
CUST02827,Customer 2827
CUST02828,Customer 2828
CUST02829,Customer 2829
CUST02830,Customer 2830
CUST02831,Customer 2831
CUST02832,Customer 2832
CUST02833,Customer 2833
CUST02834,Customer 2834
CUST02835,Customer 2835
CUST02836,Customer 2836
CUST02837,Customer 2837
CUST02838,Customer 2838
CUST02839,Customer 2839
CUST02840,Customer 2840
CUST02841,Customer 2841
CUST02842,Customer 2842
CUST02843,Customer 2843
CUST02844,Customer 2844
CUST02845,Customer 2845
CUST02846,Customer 2846
CUST02847,Customer 2847
CUST02848,Customer 2848
CUST02849,Customer 2849
CUST02850,Customer 2850
CUST02851,Customer 2851
CUST02852,Customer 2852
CUST02853,Customer 2853
CUST02854,Customer 2854
CUST02855,Customer 2855
CUST02856,Customer 2856
CUST02857,Customer 2857
CUST02858,Customer 2858
CUST02859,Customer 2859
CUST02860,Customer 2860
CUST02861,Customer 2861
CUST02862,Customer 2862
CUST02863,Customer 2863
CUST02864,Customer 2864
CUST02865,Customer 2865
CUST02866,Customer 2866
CUST02867,Customer 2867
CUST02868,Customer 2868
CUST02869,Customer 2869
CUST02870,Customer 2870
CUST02871,Customer 2871
CUST02872,Customer 2872
CUST02873,Customer 2873
CUST02874,Customer 2874
CUST02875,Customer 2875
CUST02876,Customer 2876
CUST02877,Customer 2877
CUST02878,Customer 2878
CUST02879,Customer 2879
CUST02880,Customer 2880
CUST02881,Customer 2881
CUST02882,Customer 2882
CUST02883,Customer 2883
CUST02884,Customer 2884
CUST02885,Customer 2885
CUST02886,Customer 2886
CUST02887,Customer 2887
CUST02888,Customer 2888
CUST02889,Customer 2889
CUST02890,Customer 2890
CUST02891,Customer 2891
CUST02892,Customer 2892
CUST02893,Customer 2893
CUST02894,Customer 2894
CUST02895,Customer 2895
CUST02896,Customer 2896
CUST02897,Customer 2897
CUST02898,Customer 2898
CUST02899,Customer 2899
CUST02900,Customer 2900
CUST02901,Customer 2901
CUST02902,Customer 2902
CUST02903,Customer 2903
CUST02904,Customer 2904
CUST02905,Customer 2905
CUST02906,Customer 2906
CUST02907,Customer 2907
CUST02908,Customer 2908
CUST02909,Customer 2909
CUST02910,Customer 2910
CUST02911,Customer 2911
CUST02912,Customer 2912
CUST02913,Customer 2913
CUST02914,Customer 2914
CUST02915,Customer 2915
CUST02916,Customer 2916
CUST02917,Customer 2917
CUST02918,Customer 2918
CUST02919,Customer 2919
CUST02920,Customer 2920
CUST02921,Customer 2921
CUST02922,Customer 2922
CUST02923,Customer 2923
CUST02924,Customer 2924
CUST02925,Customer 2925
CUST02926,Customer 2926
CUST02927,Customer 2927
CUST02928,Customer 2928
CUST02929,Customer 2929
CUST02930,Customer 2930
CUST02931,Customer 2931
CUST02932,Customer 2932
CUST02933,Customer 2933
CUST02934,Customer 2934
CUST02935,Customer 2935
CUST02936,Customer 2936
CUST02937,Customer 2937
CUST02938,Customer 2938
CUST02939,Customer 2939
CUST02940,Customer 2940
CUST02941,Customer 2941
CUST02942,Customer 2942
CUST02943,Customer 2943
CUST02944,Customer 2944
CUST02945,Customer 2945
CUST02946,Customer 2946
CUST02947,Customer 2947
CUST02948,Customer 2948
CUST02949,Customer 2949
CUST02950,Customer 2950
CUST02951,Customer 2951
CUST02952,Customer 2952
CUST02953,Customer 2953
CUST02954,Customer 2954
CUST02955,Customer 2955
CUST02956,Customer 2956
CUST02957,Customer 2957
CUST02958,Customer 2958
CUST02959,Customer 2959
CUST02960,Customer 2960
CUST02961,Customer 2961
CUST02962,Customer 2962
CUST02963,Customer 2963
CUST02964,Customer 2964
CUST02965,Customer 2965
CUST02966,Customer 2966
CUST02967,Customer 2967
CUST02968,Customer 2968
CUST02969,Customer 2969
CUST02970,Customer 2970
CUST02971,Customer 2971
CUST02972,Customer 2972
CUST02973,Customer 2973
CUST02974,Customer 2974
CUST02975,Customer 2975
CUST02976,Customer 2976
CUST02977,Customer 2977
CUST02978,Customer 2978
CUST02979,Customer 2979
CUST02980,Customer 2980
CUST02981,Customer 2981
CUST02982,Customer 2982
CUST02983,Customer 2983
CUST02984,Customer 2984
CUST02985,Customer 2985
CUST02986,Customer 2986
CUST02987,Customer 2987
CUST02988,Customer 2988
CUST02989,Customer 2989
CUST02990,Customer 2990
CUST02991,Customer 2991
CUST02992,Customer 2992
CUST02993,Customer 2993
CUST02994,Customer 2994
CUST02995,Customer 2995
CUST02996,Customer 2996
CUST02997,Customer 2997
CUST02998,Customer 2998
CUST02999,Customer 2999
CUST03000,Customer 3000
